schema_version,venue,symbol,interval_start,interval_end,adjustment,open,high,low,close,volume,source,source_sequence,revision,available_at
1,XNAS,AAPL,2026-01-02T09:30:00.000000Z,2026-01-02T09:31:00.000000Z,raw,100,100,100,100,10,fixture.raw,1,0,2026-01-02T09:31:00.000000Z
1,XNAS,AAPL,2026-01-02T09:31:00.000000Z,2026-01-02T09:32:00.000000Z,raw,100,100,100,100,10,fixture.raw,2,0,2026-01-02T09:32:00.000000Z
1,XNAS,AAPL,2026-01-02T09:32:00.000000Z,2026-01-02T09:33:00.000000Z,raw,100,100,100,100,10,fixture.raw,3,0,2026-01-02T09:33:00.000000Z
1,XNAS,AAPL,2026-01-02T09:33:00.000000Z,2026-01-02T09:34:00.000000Z,raw,100,100,100,100,10,fixture.raw,4,0,2026-01-02T09:34:00.000000Z
1,XNAS,AAPL,2026-01-02T09:34:00.000000Z,2026-01-02T09:35:00.000000Z,raw,100,100,100,100,10,fixture.raw,5,0,2026-01-02T09:35:00.000000Z
1,XNAS,AAPL,2026-01-02T09:35:00.000000Z,2026-01-02T09:36:00.000000Z,raw,100,100,100,100,10,fixture.raw,6,0,2026-01-02T09:36:00.000000Z
1,XNAS,AAPL,2026-01-02T09:36:00.000000Z,2026-01-02T09:37:00.000000Z,raw,100,100,100,100,10,fixture.raw,7,0,2026-01-02T09:37:00.000000Z
1,XNAS,AAPL,2026-01-02T09:37:00.000000Z,2026-01-02T09:38:00.000000Z,raw,100,100,100,100,10,fixture.raw,8,0,2026-01-02T09:38:00.000000Z
1,XNAS,AAPL,2026-01-02T09:38:00.000000Z,2026-01-02T09:39:00.000000Z,raw,100,100,100,100,10,fixture.raw,9,0,2026-01-02T09:39:00.000000Z
1,XNAS,AAPL,2026-01-02T09:39:00.000000Z,2026-01-02T09:40:00.000000Z,raw,100,100,100,100,10,fixture.raw,10,0,2026-01-02T09:40:00.000000Z
1,XNAS,AAPL,2026-01-02T09:40:00.000000Z,2026-01-02T09:41:00.000000Z,raw,100,100,100,100,10,fixture.raw,11,0,2026-01-02T09:41:00.000000Z
1,XNAS,AAPL,2026-01-02T09:41:00.000000Z,2026-01-02T09:42:00.000000Z,raw,100,100,100,100,10,fixture.raw,12,0,2026-01-02T09:42:00.000000Z
